{"cameraMode":{"drawMode":0,"name":"Shaded","section":"Shading Mode"},"sceneLighting":false,"audioPlay":false,"sceneViewState":{"m_AlwaysRefresh":false,"showFog":true,"showSkybox":false,"showFlares":true,"showImageEffects":true,"showParticleSystems":true,"showVisualEffectGraphs":true,"m_FxEnabled":true},"in2DMode":false,"pivot":{"x":0.07772350311279297,"y":1.2125431299209595,"z":3.9043498039245607},"rotation":{"x":0.06829623132944107,"y":-0.810533881187439,"z":0.09650072455406189,"w":0.5736424922943115},"size":1.665869951248169,"orthographic":true}