{"cameraMode":{"drawMode":0,"name":"Shaded","section":"Shading Mode"},"sceneLighting":false,"audioPlay":false,"sceneViewState":{"m_AlwaysRefresh":false,"showFog":true,"showSkybox":false,"showFlares":true,"showImageEffects":true,"showParticleSystems":true,"showVisualEffectGraphs":true,"m_FxEnabled":true},"in2DMode":false,"pivot":{"x":-0.4859187602996826,"y":1.3382762670516968,"z":8.756227493286133},"rotation":{"x":-0.13748911023139954,"y":-0.0323873870074749,"z":0.004496482666581869,"w":-0.9899661540985107},"size":1.2247447967529297,"orthographic":false}