{"cameraMode":{"drawMode":0,"name":"Shaded","section":"Shading Mode"},"sceneLighting":false,"audioPlay":false,"sceneViewState":{"m_AlwaysRefresh":false,"showFog":true,"showSkybox":false,"showFlares":true,"showImageEffects":true,"showParticleSystems":true,"showVisualEffectGraphs":true,"m_FxEnabled":true},"in2DMode":false,"pivot":{"x":-7.6626973152160648,"y":-0.022516757249832155,"z":2.663344383239746},"rotation":{"x":-0.057092539966106418,"y":0.8790270686149597,"z":-0.10894493013620377,"w":-0.4606510102748871},"size":0.540229856967926,"orthographic":false}